﻿Designator,Footprint,Quantity,Value,LCSC Part #
"C1, C2",0603,2,100n,C1525
"C10, C3, C7, C8, C9",0603,5,10u,C1525
C4,0603,1,1u,C1525
CN1,CONN-SMD_AS0BC21-S30BE-7H,1,AS0BC21-S30BE-7H,C3020019
FPC1,FPC-SMD_AFC07-S50ECA-00,1,AFC07-S50ECA-00,C262650
J10,USB_C_Receptacle_HCTL_HC-TYPE-C-16P-01A,1,USB_C_Receptacle_USB2.0,C2894897
"J16, J17",CONN-SMD_HCZZ0021-4,2,Conn_01x04_MountingPin,C7433709
J7,PinSocket_2x12_P2.54mm_Vertical,1,Conn_02x12_Odd_Even,C2685134
J8,RJ45_Hanrun_HR911105A_Horizontal,1,RJ45_Hanrun_HR911105A_Horizontal,C12074
L1,1008,1,2.2u,C86092
"R10, R11, R8, R9",0603,4,51,C60491
"R12, R14",0603,2,5.1K,C60491
R13,0603,1,4.7K,C60491
R15,0603,1,8.2K,C25981
R16,0603,1,10K,C25804
R17,0603,1,11K,C103227
R18,0603,1,6.8K,C23212
"R5, R7",0603,2,680,C60491
"SW1, SW2, SW3, SW4, SW5",SW_SKRPACE010,5,SW_MEC_5E,C139797
U1,QFN-28-1EP_5x5mm_P0.5mm_EP3.1x3.1mm,1,CP2102N-Axx-xQFN28,C964632
U3,SOT-223-3_TabPin2,1,AMS1117-3.3,C426566
U4,SOT-223-3_TabPin2,1,AMS1117-2.85,C14791
