﻿Designator,Footprint,Quantity,Value,LCSC Part #
"C1, C2",0603,2,100n,C1525
"C10, C3, C5, C7, C8, C9",0603,6,10u,C1525
"C4, C6",0603,2,1u,C1525
CN1,CONN-SMD_AS0BC21-S30BE-7H,1,AS0BC21-S30BE-7H,C3020019
FPC1,FPC-SMD_AFC07-S50ECA-00,1,AFC07-S50ECA-00,C262650
"J1, J2, J3",PinHeader_1x05_P2.54mm_Vertical,3,Conn_01x05_Pin,
J10,USB_C_Receptacle_HCTL_HC-TYPE-C-16P-01A,1,USB_C_Receptacle_USB2.0,
"J11, J4, J6",PinHeader_1x02_P2.54mm_Vertical,3,Conn_01x02_Pin,
J12,PinHeader_2x05_P2.54mm_Vertical_SMD,1,Conn_02x05_Odd_Even,
J13,PinSocket_1x03_P2.54mm_Vertical,1,Conn_01x03_Pin,
"J16, J17",CONN-SMD_HCZZ0021-4,2,Conn_01x04_MountingPin,C7433709
J5,PinHeader_2x05_P2.54mm_Vertical,1,Conn_02x05_Odd_Even,
J7,PinSocket_2x12_P2.54mm_Vertical,1,Conn_02x12_Odd_Even,
J8,RJ45_Hanrun_HR911105A_Horizontal,1,RJ45_Hanrun_HR911105A_Horizontal,C12074
L1,1008,1,2.2u,C86092
"R1, R2, R3, R4",0603,4,100,C60491
"R10, R11, R8, R9",0603,4,51,C60491
"R12, R14",0603,2,5.1K,C60491
R13,0603,1,4.7K,C60491
R15,0603,1,8.2K,C60491
R16,0603,1,10K,C60491
R17,0603,1,11K,C60491
R18,0603,1,6.8K,C60491
"R5, R7",0603,2,680,C60491
R6,0402,1,10k,C60491
"SW1, SW2, SW3, SW4, SW5",SW_SKRPACE010,5,SW_MEC_5E,
U1,QFN-28-1EP_5x5mm_P0.5mm_EP3.1x3.1mm,1,CP2102N-Axx-xQFN28,C964632
U3,SOT-223-3_TabPin2,1,AMS1117-3.3,C426566
U4,SOT-223-3_TabPin2,1,AMS1117-2.85,C14791
